,000001,000002,000003,000004,000005,000006,000007,000008,000009,000010,000011,000012,000013,000014,000015,000016,000017,000018,000019,000020,000021,000022,000023,000024,000025,000026,000027,000028,000029,000030,000031,000032,000033,000034,000035,000036,000037,000038,000039,000040,000041,000042,000043,000044,000045,000046,000047,000048,000049,000050,000051,000052
2020-01-16,0,0,0,0,0,0,0,0,0,0,0,0,0,0,0,0,0,0,0,0,8900,0,53000,0,0,0,0,0,0,0,0,0,0,0,0,0,18200,0,0,5700,0,0,0,0,0,0,0,0,0,0,0,0
2020-01-17,0,0,0,0,0,0,0,0,0,0,0,0,0,0,0,0,0,0,0,0,40800,0,61700,0,0,0,0,0,0,0,0,0,0,0,0,0,18200,0,0,5700,0,0,0,0,0,0,0,0,0,0,0,0
2020-01-20,0,0,0,0,0,0,0,0,0,0,0,0,0,0,0,0,0,0,0,0,400700,0,843400,0,0,0,0,0,0,0,0,593400,0,0,0,0,43600,0,0,5700,0,0,0,0,0,0,0,0,0,0,0,0
2020-01-21,0,0,0,0,0,0,0,0,0,0,0,0,0,0,0,0,0,0,0,0,441200,0,843400,0,0,0,0,0,0,0,0,593400,0,0,0,0,20000,0,0,5700,0,0,0,0,0,0,0,0,0,0,0,0
2020-01-22,0,0,0,0,0,0,0,0,0,0,0,0,0,0,0,0,0,0,0,0,441200,0,843400,0,0,0,0,0,0,0,0,593400,0,0,0,0,20000,0,0,5700,0,0,0,0,0,0,0,0,0,0,0,0
2020-01-23,0,0,0,0,0,0,0,0,0,0,0,0,0,0,0,0,0,0,0,0,521000,0,1579800,0,0,0,0,0,0,0,0,593400,0,0,0,0,75100,0,0,5700,0,0,0,0,0,0,0,0,0,0,0,0
2020-02-03,0,1096400,0,0,0,0,0,0,46400,0,0,0,0,0,0,0,0,0,0,0,746100,0,1579800,0,0,0,0,0,0,0,0,593400,0,0,0,0,252600,0,0,64900,0,0,0,0,0,0,0,0,0,0,0,0
2020-02-04,0,1096400,0,0,0,0,0,0,46400,0,0,0,0,0,0,0,0,0,0,0,746100,0,1579800,0,0,284200,0,0,0,0,0,593400,0,0,0,0,252600,0,0,64900,0,0,0,0,0,0,0,0,0,0,0,0
2020-02-05,0,1096400,0,0,0,0,0,0,46400,0,0,0,0,0,0,0,0,0,0,0,746100,0,1579800,0,0,284200,0,0,0,0,0,593400,0,0,0,0,252600,0,0,64900,0,0,0,0,0,0,0,0,0,0,0,0
2020-02-06,0,1096400,0,0,0,0,0,0,46400,0,0,0,0,0,0,0,0,0,0,0,746100,0,1579800,0,0,284200,0,0,0,0,0,593400,0,0,0,0,252600,0,0,64900,0,0,0,0,0,0,0,0,0,0,0,0
2020-02-07,0,1096400,0,0,0,0,0,0,46400,0,0,0,0,0,0,0,0,0,0,0,746100,0,1579800,0,0,284200,0,0,0,0,0,593400,0,0,0,0,252600,0,0,64900,0,0,0,0,0,0,0,0,0,0,0,0
2020-02-10,0,1096400,0,0,0,0,0,0,46400,0,0,0,0,0,0,0,0,0,0,0,746100,0,1579800,0,0,284200,0,0,0,0,0,593400,0,0,0,0,252600,0,0,64900,0,0,0,0,0,0,0,0,0,0,0,0
2020-02-11,0,1096400,0,0,0,0,0,0,46400,0,0,0,0,0,0,0,0,0,0,0,746100,0,1579800,0,0,284200,0,0,0,0,0,593400,0,0,0,0,252600,0,0,64900,0,0,0,0,0,0,0,0,0,0,0,0
2020-02-12,0,1096400,0,0,0,0,0,0,46400,0,0,0,0,0,0,0,0,0,0,0,746100,0,1579800,0,0,284200,0,0,0,0,0,593400,0,0,0,0,252600,0,0,64900,0,0,0,0,0,0,0,0,0,0,0,0
2020-02-13,0,1096400,0,0,0,0,0,0,46400,0,0,0,0,0,0,0,0,0,0,0,746100,0,1579800,0,0,284200,0,0,0,0,0,593400,0,0,0,0,252600,0,0,64900,0,0,0,0,0,0,0,0,0,0,0,0
2020-02-14,0,1096400,0,0,0,0,0,0,46400,0,0,0,0,0,0,0,0,0,0,0,746100,0,1579800,0,0,284200,0,0,0,0,0,593400,0,0,0,0,133400,0,0,64900,0,0,0,0,0,0,0,0,0,0,0,0
2020-02-17,0,1096400,0,0,0,0,0,0,46400,0,0,0,0,0,0,0,0,0,0,0,746100,0,1579800,0,0,284200,0,0,0,0,0,593400,0,0,0,0,133400,0,0,64900,0,0,0,0,0,0,0,0,0,0,0,0
2020-02-18,0,1096400,0,0,0,0,0,0,46400,0,0,0,0,0,0,0,0,0,0,0,746100,0,1140100,0,0,189300,0,0,0,0,0,593400,0,0,0,0,133400,0,0,64900,0,0,0,0,0,0,0,0,0,0,0,0
2020-02-19,0,1096400,0,0,0,0,0,0,46400,0,0,0,0,0,0,0,0,0,0,0,746100,0,1075100,0,0,100500,0,0,0,0,0,593400,0,0,0,0,133400,0,0,64900,0,0,0,0,0,0,0,0,0,0,0,0
2020-02-20,0,1096400,0,0,0,0,0,0,46400,0,0,0,0,0,0,0,0,0,0,0,746100,0,1075100,0,0,100500,0,0,0,0,0,593400,0,0,0,0,133400,0,0,64900,0,0,0,0,0,0,0,0,0,0,0,0
2020-02-21,0,1096400,0,0,0,0,0,0,46400,0,0,0,0,0,0,0,0,0,0,0,746100,0,1075100,0,0,100500,0,0,0,0,0,593400,0,0,0,0,133400,0,0,64900,0,0,0,0,0,0,0,0,0,0,0,0
2020-02-24,0,1096400,0,0,0,0,0,0,46400,0,0,0,0,0,0,0,0,0,0,0,746100,0,1075100,0,0,100500,0,0,0,0,0,593400,0,0,1008800,0,133400,0,0,64900,0,0,0,0,0,0,0,0,0,0,0,0
2020-02-25,0,1096400,0,0,0,0,0,0,46400,0,131500,0,0,0,0,0,0,0,0,0,746100,0,1075100,0,0,100500,0,0,0,0,0,593400,164500,0,1008800,0,133400,0,0,64900,0,0,0,0,0,0,0,0,0,0,0,0
2020-02-26,0,1096400,0,120100,0,0,0,0,46400,0,265800,0,0,0,0,0,0,0,0,0,746100,0,652300,0,0,100500,0,0,0,0,0,593400,400800,0,333200,0,133400,0,0,64900,0,0,0,0,0,0,0,0,0,0,0,0
2020-02-27,0,1096400,0,169300,0,0,0,0,46400,0,265800,0,0,0,0,0,0,0,0,0,746100,0,887000,0,0,100500,0,0,0,0,0,593400,400800,0,333200,183500,133400,0,0,64900,122000,0,0,0,0,0,0,0,0,0,0,0
2020-02-28,0,1096400,0,169300,0,0,0,0,59900,0,265800,0,0,0,0,0,0,0,0,0,746100,0,887000,0,0,100500,0,0,0,0,0,593400,400800,0,333200,323600,133400,0,0,64900,286700,0,0,0,0,0,0,0,0,0,0,0
2020-03-02,0,1096400,0,169300,0,0,0,0,59900,0,265800,0,0,0,0,0,0,0,0,0,746100,0,649800,0,0,100500,0,0,0,0,0,312700,400800,0,333200,323600,133400,0,0,64900,286700,0,0,0,0,0,0,0,0,0,0,0
2020-03-03,0,1096400,0,169300,0,0,0,0,59900,0,265800,0,0,0,0,0,0,0,0,0,746100,0,649800,0,0,100500,0,0,0,0,0,312700,400800,0,333200,323600,133400,0,0,64900,286700,0,0,0,0,0,0,0,0,0,0,0
2020-03-04,0,1746500,0,169300,0,0,0,0,75000,0,265800,0,0,0,0,0,0,0,0,0,746100,0,649800,0,0,100500,0,0,0,0,0,312700,400800,0,333200,445300,170800,0,0,64900,286700,0,0,0,0,0,0,0,0,0,0,0
2020-03-05,0,1746500,0,169300,0,0,0,0,75000,0,265800,0,0,0,0,0,0,0,0,0,746100,0,649800,0,0,100500,0,0,0,0,0,312700,400800,0,333200,445300,170800,0,0,64900,286700,0,0,0,0,0,0,0,0,0,0,0
2020-03-06,0,1746500,0,169300,0,0,0,0,75000,0,265800,0,0,0,0,0,0,0,0,0,746100,0,649800,0,0,100500,0,0,0,0,0,312700,400800,0,333200,445300,170800,0,0,64900,286700,0,0,0,0,0,0,0,0,0,0,0
2020-03-09,0,1746500,0,169300,0,0,0,0,75000,0,265800,0,0,0,0,0,0,0,0,0,746100,0,649800,0,0,100500,0,0,0,0,0,312700,341600,0,333200,445300,170800,0,0,64900,286700,0,0,0,0,0,0,0,0,0,0,0
2020-03-10,0,1746500,0,169300,0,0,0,0,75000,0,265800,0,0,0,0,0,0,0,0,0,746100,0,649800,0,0,0,0,0,0,0,0,0,341600,0,333200,445300,170800,0,0,64900,286700,0,0,0,0,0,0,0,0,0,0,0
2020-03-11,0,1746500,0,169300,0,0,0,0,75000,0,265800,0,0,0,0,0,0,0,0,0,746100,0,649800,0,0,0,0,0,0,0,0,0,341600,0,333200,530000,170800,0,0,64900,346700,0,0,0,0,0,0,0,0,0,0,0
2020-03-12,0,2108700,0,257100,0,0,0,0,75000,0,326400,0,0,0,0,0,0,0,0,0,746100,0,649800,0,0,0,0,0,0,0,0,0,205700,0,36100,530000,170800,0,0,64900,346700,0,0,0,0,0,0,0,0,0,0,0
2020-03-13,0,2108700,0,257100,0,0,0,0,75000,0,326400,0,0,0,0,0,0,0,0,0,746100,0,649800,0,0,0,0,0,0,0,0,0,205700,0,36100,530000,170800,0,0,64900,346700,0,0,0,0,0,0,0,0,0,0,0
2020-03-16,0,2108700,0,257100,0,0,0,0,75000,0,326400,0,0,0,0,0,0,0,0,0,746100,0,649800,0,0,0,0,0,0,0,0,0,0,0,36100,530000,170800,0,0,64900,346700,0,0,0,0,0,0,0,0,0,0,0
2020-03-17,0,2108700,0,257100,0,0,0,0,75000,0,326400,0,492600,0,0,0,0,0,107200,0,746100,0,398200,197400,0,0,0,0,0,0,0,0,0,0,36100,530000,170800,0,0,64900,346700,0,0,0,0,0,0,0,0,0,0,0
2020-03-18,0,2108700,0,257100,0,0,0,0,75000,0,326400,0,492600,0,0,0,0,0,107200,0,746100,0,398200,197400,0,0,0,0,0,0,0,0,0,0,36100,530000,170800,0,0,64900,346700,0,0,0,0,0,0,0,0,0,0,0
2020-03-19,0,2108700,0,257100,0,0,0,0,75000,51700,326400,0,492600,0,0,0,0,0,107200,0,746100,0,220200,197400,0,0,0,0,0,0,0,0,0,0,36100,530000,170800,0,0,64900,346700,0,0,0,0,0,0,0,0,0,0,0
2020-03-20,0,2108700,0,257100,0,173300,0,0,75000,51700,326400,0,492600,0,0,0,0,0,107200,0,746100,0,19300,197400,0,0,0,0,0,0,0,0,0,0,36100,530000,170800,0,0,64900,346700,0,0,0,0,0,0,0,0,0,0,0
2020-03-23,0,2108700,0,257100,0,173300,0,0,75000,51700,326400,0,492600,0,0,0,0,0,107200,0,746100,0,19300,197400,0,0,0,0,0,0,0,0,0,0,36100,530000,170800,0,0,64900,346700,0,0,0,0,0,0,0,0,0,0,0
2020-03-24,0,2108700,0,257100,0,173300,0,0,75000,51700,326400,0,492600,0,0,0,0,0,107200,0,746100,0,19300,197400,0,0,0,0,0,0,0,0,0,0,36100,530000,170800,0,0,64900,346700,0,0,0,0,0,0,0,0,0,0,0
2020-03-25,0,2108700,0,257100,0,173300,0,0,75000,51700,326400,0,492600,0,0,0,0,0,107200,0,746100,0,19300,197400,0,0,0,0,0,0,0,0,0,0,36100,530000,170800,0,0,64900,346700,0,0,0,0,0,0,0,0,0,0,0
2020-03-26,0,2108700,0,257100,0,173300,0,0,75000,51700,326400,0,492600,0,0,0,0,0,107200,0,746100,0,19300,197400,0,0,0,0,0,0,0,0,0,0,36100,530000,170800,0,0,64900,346700,0,0,0,0,0,0,0,0,0,0,0
2020-03-27,0,2108700,0,257100,0,173300,0,0,75000,51700,326400,0,492600,0,0,0,0,0,107200,0,746100,0,19300,197400,0,0,0,0,0,0,0,0,0,0,36100,530000,170800,0,0,64900,346700,0,0,0,0,0,0,0,0,0,0,0
2020-03-30,0,2108700,0,257100,0,173300,0,0,75000,51700,326400,0,492600,0,0,0,0,0,107200,0,746100,0,19300,197400,0,0,0,0,0,0,0,0,0,0,36100,530000,220800,0,0,32000,346700,0,0,0,0,0,0,0,0,0,0,0
2020-03-31,0,2108700,0,257100,0,173300,0,0,75000,51700,326400,0,492600,0,0,0,0,0,107200,0,746100,0,19300,197400,0,0,0,0,0,0,0,0,0,0,36100,530000,220800,0,0,32000,346700,0,0,0,0,0,0,0,0,0,0,0
2020-04-01,0,2108700,0,257100,0,173300,0,0,75000,51700,326400,0,492600,0,0,0,0,0,107200,0,746100,0,19300,197400,0,0,0,0,0,0,0,0,0,0,36100,530000,220800,0,0,32000,346700,0,0,0,0,0,0,0,0,0,0,0
2020-04-02,0,2108700,0,257100,0,173300,0,0,75000,51700,326400,0,492600,0,0,0,0,0,107200,0,746100,0,19300,197400,0,0,0,0,0,0,0,0,0,0,36100,530000,220800,0,0,32000,346700,0,0,0,0,0,0,0,0,0,0,0
2020-04-03,0,2108700,0,257100,0,173300,0,0,75000,51700,326400,0,492600,0,0,0,0,0,107200,0,746100,0,19300,197400,0,0,0,0,0,0,0,0,0,0,36100,530000,220800,0,0,32000,346700,0,0,0,0,0,0,0,0,0,0,0
2020-04-07,0,2108700,0,191300,0,173300,0,0,75000,51700,326400,0,492600,0,0,0,0,0,107200,0,746100,0,19300,197400,0,0,0,0,0,0,0,0,0,0,36100,530000,220800,0,0,32000,346700,0,0,0,0,0,0,0,0,0,0,0
2020-04-08,0,2108700,0,191300,0,173300,0,0,75000,51700,326400,0,492600,0,0,0,0,0,107200,0,746100,0,19300,197400,0,0,0,0,0,0,0,0,0,0,36100,530000,220800,0,0,32000,346700,0,0,0,0,0,0,0,0,0,0,0
2020-04-09,0,2108700,0,191300,0,173300,0,0,75000,51700,326400,0,492600,0,0,0,0,0,107200,0,746100,0,19300,197400,0,0,0,0,0,0,0,0,0,0,36100,530000,220800,0,0,32000,346700,0,0,0,0,0,0,0,0,0,0,0
2020-04-10,0,2108700,0,191300,0,173300,0,0,75000,51700,326400,0,492600,0,0,0,0,0,107200,0,746100,0,19300,197400,0,0,0,0,0,0,0,0,0,0,36100,530000,220800,0,0,32000,346700,0,0,0,0,0,0,0,0,0,0,0
2020-04-13,0,2108700,0,191300,0,173300,0,0,75000,51700,326400,0,492600,0,0,0,0,0,107200,0,746100,0,19300,197400,0,0,0,0,0,0,0,0,0,0,36100,530000,220800,0,0,32000,346700,0,0,0,0,0,0,0,0,0,0,0
2020-04-14,0,2108700,0,191300,0,173300,0,0,75000,51700,326400,0,492600,0,0,0,0,0,107200,0,746100,0,19300,197400,0,0,0,0,0,0,0,0,0,0,36100,530000,220800,0,0,32000,346700,0,0,0,0,0,0,0,0,0,0,0
2020-04-15,0,2108700,0,191300,0,173300,0,0,75000,51700,326400,0,492600,0,0,0,0,0,107200,0,746100,0,19300,197400,0,0,0,0,0,0,0,0,0,0,36100,530000,220800,0,0,32000,346700,0,0,0,0,0,0,0,0,0,0,0
2020-04-16,0,2108700,0,191300,0,173300,0,0,75000,51700,326400,0,492600,0,0,0,0,0,107200,0,746100,0,19300,197400,0,0,0,0,0,0,0,0,0,0,36100,530000,220800,0,0,32000,346700,0,0,0,0,0,0,0,0,0,0,0
2020-04-17,0,2108700,0,191300,0,173300,0,0,75000,51700,326400,0,492600,0,0,0,0,0,107200,0,746100,0,19300,197400,0,0,0,0,0,0,0,0,0,0,36100,530000,220800,0,0,32000,346700,0,0,0,0,0,0,0,0,0,0,0
2020-04-20,0,2108700,0,191300,0,173300,0,0,75000,51700,326400,0,492600,0,0,0,0,0,107200,0,746100,0,19300,197400,0,0,0,0,0,0,0,0,0,0,36100,530000,220800,0,0,32000,346700,0,0,0,0,0,0,0,0,0,0,0
2020-04-21,0,2108700,0,191300,0,173300,0,0,75000,51700,326400,0,492600,0,0,0,0,0,107200,0,746100,0,19300,197400,0,0,0,0,0,0,0,0,0,0,36100,530000,220800,0,0,32000,346700,0,0,0,0,0,0,0,0,0,0,0
2020-04-22,0,2108700,0,191300,0,173300,0,0,75000,51700,326400,0,492600,0,0,0,0,0,107200,0,746100,0,19300,197400,0,0,0,0,0,0,0,0,0,0,36100,530000,220800,0,0,32000,346700,0,0,0,0,0,0,0,0,0,0,0
2020-04-23,0,2108700,0,191300,0,173300,0,0,75000,51700,326400,0,492600,0,0,0,0,0,107200,0,746100,0,19300,197400,0,0,0,0,0,0,0,0,0,0,36100,530000,220800,0,0,32000,346700,0,0,0,0,0,0,0,0,0,0,0
2020-04-24,0,2108700,0,191300,0,173300,0,0,75000,51700,326400,0,492600,0,0,0,0,0,107200,0,746100,0,19300,197400,0,0,0,0,0,0,0,0,0,0,36100,530000,220800,0,0,32000,346700,0,0,0,0,0,0,0,0,0,0,0
2020-04-27,0,2108700,0,191300,0,173300,0,0,75000,51700,326400,0,492600,0,0,0,0,0,107200,0,746100,0,19300,197400,0,0,0,0,0,0,0,0,0,0,36100,530000,220800,0,0,32000,346700,0,0,0,0,0,0,0,0,0,0,0
2020-04-28,0,2108700,0,191300,0,173300,0,0,75000,51700,326400,0,492600,0,0,0,0,0,107200,0,746100,0,19300,197400,0,0,0,0,0,0,0,0,0,0,36100,530000,220800,0,0,32000,346700,0,0,0,0,0,0,0,0,0,0,0
2020-04-29,0,2108700,0,191300,0,173300,0,0,75000,51700,326400,0,492600,0,0,0,0,0,107200,0,746100,0,19300,197400,0,0,0,0,0,0,0,0,0,0,36100,530000,220800,0,0,32000,346700,0,0,0,0,0,0,0,0,0,0,0
2020-04-30,0,2108700,0,191300,0,173300,0,0,75000,51700,326400,0,492600,0,0,0,0,0,107200,0,746100,0,19300,197400,0,0,0,0,0,0,0,0,0,0,36100,530000,220800,0,0,32000,346700,0,0,0,0,0,0,0,0,0,0,0
2020-05-06,0,2108700,0,191300,0,173300,0,0,75000,51700,326400,0,492600,0,0,0,0,0,107200,0,746100,0,19300,197400,0,0,0,0,0,0,0,0,0,0,36100,530000,175400,0,0,32000,346700,0,0,0,0,0,0,0,0,0,0,0
2020-05-07,0,2108700,0,191300,0,173300,0,0,75000,51700,326400,0,492600,0,0,0,0,0,107200,0,746100,0,19300,197400,0,0,0,0,0,0,0,0,0,0,36100,530000,175400,0,0,32000,346700,0,0,0,0,0,0,0,0,0,0,0
2020-05-08,0,2108700,0,191300,0,173300,0,0,75000,51700,326400,0,492600,0,0,0,0,0,107200,0,746100,0,19300,197400,0,0,0,0,0,0,0,0,0,0,36100,530000,175400,0,0,32000,346700,0,0,0,0,0,0,0,0,0,0,0
2020-05-11,0,2108700,0,191300,0,173300,0,0,75000,51700,326400,0,492600,0,0,0,0,0,107200,0,541100,0,19300,197400,0,0,0,0,0,0,0,0,0,0,36100,530000,175400,0,0,32000,346700,0,0,0,0,0,0,0,0,0,0,0
2020-05-12,0,2108700,0,191300,0,173300,0,0,75000,51700,326400,0,492600,0,0,0,0,0,107200,0,506600,0,19300,197400,0,0,0,0,0,0,0,0,0,0,36100,530000,175400,0,21000,32000,346700,0,0,0,0,0,0,0,0,0,0,0
2020-05-13,0,2108700,0,191300,0,173300,0,0,75000,51700,326400,0,492600,0,0,0,0,0,107200,0,333700,0,19300,197400,0,0,0,0,0,0,0,0,0,0,36100,530000,175400,0,21000,32000,346700,0,0,0,0,0,0,0,0,0,0,0
2020-05-14,0,2108700,0,191300,0,173300,0,0,75000,51700,326400,0,492600,0,0,0,0,0,107200,0,333700,0,19300,197400,0,0,0,0,0,0,0,0,0,0,36100,530000,175400,0,21000,32000,346700,0,0,0,0,0,0,0,0,0,0,0
2020-05-15,0,2108700,0,191300,0,173300,0,0,75000,51700,326400,0,492600,0,0,0,0,0,107200,0,333700,0,19300,197400,0,0,0,0,0,0,0,0,0,0,36100,530000,175400,0,21000,32000,346700,0,0,0,0,0,0,0,0,0,0,0
2020-05-18,0,2108700,0,191300,0,173300,0,0,75000,51700,326400,0,492600,0,0,0,0,0,107200,0,333700,0,19300,197400,0,0,0,0,0,0,0,0,0,0,36100,530000,175400,0,21000,32000,346700,0,0,0,0,0,0,0,0,0,0,0
2020-05-19,0,2108700,0,191300,0,173300,0,0,75000,51700,326400,0,492600,0,0,0,0,0,107200,0,333700,0,19300,197400,0,0,0,0,0,0,0,0,0,0,36100,530000,175400,0,21000,32000,346700,0,0,0,0,0,0,0,0,0,0,0
2020-05-20,0,2108700,0,191300,0,173300,0,0,46800,51700,326400,0,492600,0,0,0,0,0,107200,0,333700,0,19300,197400,0,0,0,0,0,0,0,0,0,0,36100,530000,175400,0,21000,32000,346700,0,0,0,0,0,0,0,0,0,0,0
2020-05-21,0,2108700,0,191300,0,173300,0,0,46800,51700,326400,0,492600,0,0,0,0,0,107200,0,333700,0,19300,197400,0,0,0,0,0,0,0,0,0,0,36100,530000,175400,0,21000,32000,346700,0,0,0,0,0,0,0,0,0,0,0
2020-05-22,0,2108700,0,191300,0,173300,0,0,46800,51700,326400,0,492600,0,0,0,0,0,107200,0,333700,0,19300,197400,0,0,0,0,0,0,0,0,0,0,36100,530000,175400,0,21000,32000,346700,0,0,0,0,0,0,0,0,0,0,0
2020-05-25,0,2108700,0,191300,0,173300,0,0,46800,51700,326400,0,492600,0,0,0,0,0,107200,0,333700,0,19300,197400,0,0,0,0,0,0,0,0,0,0,36100,530000,175400,0,21000,32000,346700,0,0,0,0,0,0,0,0,0,0,0
2020-05-26,0,2108700,0,191300,0,173300,0,0,46800,51700,326400,0,492600,0,0,0,0,0,107200,0,333700,0,19300,197400,0,0,0,0,0,0,0,0,0,0,36100,530000,175400,0,21000,32000,346700,0,0,0,0,0,0,0,0,0,0,0
2020-05-27,0,2108700,0,191300,0,173300,0,0,46800,51700,326400,0,492600,0,0,0,0,0,107200,0,333700,0,19300,197400,0,0,0,0,0,0,0,0,0,0,36100,530000,277800,0,21000,32000,346700,0,0,0,0,0,0,0,0,0,0,0
2020-05-28,0,2108700,0,191300,0,173300,0,0,46800,51700,326400,0,492600,0,0,0,0,0,107200,0,333700,0,19300,197400,0,0,0,0,0,0,0,0,0,0,36100,530000,277800,0,21000,32000,346700,0,0,0,0,0,0,0,0,0,0,0
2020-05-29,0,2108700,0,191300,0,173300,0,0,46800,51700,326400,0,492600,0,0,0,0,0,107200,0,333700,0,19300,197400,0,0,0,0,0,0,0,0,0,0,36100,530000,277800,0,21000,32000,346700,0,0,0,0,0,0,0,0,0,0,0
2020-06-01,0,2108700,0,191300,0,173300,0,0,46800,51700,326400,0,492600,0,0,0,0,0,107200,0,333700,0,19300,197400,0,0,0,0,0,0,0,0,0,0,36100,530000,277800,0,21000,32000,346700,0,0,0,0,0,0,0,0,0,0,0
2020-06-02,0,2108700,0,191300,0,173300,0,0,46800,51700,326400,0,492600,0,0,0,0,0,107200,0,333700,0,19300,197400,0,0,0,0,0,0,0,0,0,0,36100,530000,277800,0,21000,32000,346700,0,0,0,0,0,0,0,0,0,0,0
2020-06-03,0,392600,0,191300,0,173300,0,0,46800,51700,326400,0,492600,0,0,0,0,0,107200,0,333700,0,19300,197400,0,0,0,0,0,0,0,0,0,0,36100,530000,277800,0,21000,32000,346700,0,0,0,0,0,0,0,0,0,0,0
2020-06-04,0,392600,0,191300,0,173300,0,0,46800,51700,326400,0,492600,0,0,0,0,0,107200,0,333700,0,19300,197400,0,0,0,0,0,0,0,0,0,0,36100,530000,277800,0,21000,32000,346700,0,0,0,0,0,0,0,0,0,0,0
2020-06-05,0,392600,0,191300,0,173300,0,0,46800,51700,326400,0,492600,0,0,0,0,0,107200,0,333700,0,19300,197400,0,0,0,0,0,0,0,0,0,0,36100,530000,277800,0,21000,32000,346700,0,0,0,0,0,0,0,0,0,0,0
2020-06-08,0,392600,0,191300,0,173300,0,0,46800,51700,326400,0,492600,0,0,0,0,0,0,0,147300,0,19300,0,0,0,0,0,0,0,0,0,0,0,36100,530000,277800,0,42700,32000,346700,0,0,0,0,0,0,0,0,0,0,0
2020-06-09,0,392600,0,191300,0,173300,0,0,46800,51700,326400,603000,492600,0,0,0,0,0,0,0,147300,0,19300,0,0,0,0,0,0,0,0,0,0,0,36100,530000,277800,0,42700,32000,346700,0,0,0,0,0,0,0,0,0,0,0
2020-06-10,0,392600,0,191300,0,173300,0,0,46800,51700,326400,603000,492600,0,0,0,0,0,0,0,147300,0,19300,0,0,0,0,0,0,0,0,0,0,0,36100,530000,277800,0,42700,32000,346700,0,0,0,0,0,0,0,0,0,0,0
2020-06-11,0,392600,0,191300,0,173300,0,0,46800,51700,326400,603000,492600,0,0,0,0,0,0,0,147300,0,19300,0,0,0,0,0,0,0,0,0,0,0,36100,530000,277800,0,42700,32000,346700,0,0,0,0,0,0,0,0,0,0,0
2020-06-12,0,392600,0,191300,0,173300,0,0,46800,51700,326400,603000,492600,0,0,0,0,0,0,0,147300,0,19300,0,0,0,0,0,0,0,0,0,0,0,36100,530000,277800,0,42700,32000,346700,0,0,0,0,0,0,0,0,0,0,0
2020-06-15,0,392600,0,191300,0,173300,0,0,46800,51700,326400,603000,492600,0,0,0,0,0,0,0,147300,0,19300,230500,0,0,0,0,0,0,0,0,0,0,36100,530000,232400,0,42700,32000,346700,0,0,0,0,0,0,0,0,0,0,0
2020-06-16,0,392600,0,191300,0,173300,0,0,46800,51700,326400,603000,492600,0,0,0,0,0,0,0,147300,0,19300,230500,0,0,0,0,0,0,0,0,0,0,36100,530000,232400,0,42700,32000,346700,0,0,0,0,0,0,0,0,0,0,0
2020-06-17,0,392600,0,191300,0,173300,0,0,46800,51700,326400,603000,492600,0,0,0,0,0,0,0,147300,0,19300,230500,0,0,0,0,0,0,0,0,0,0,36100,530000,232400,0,42700,32000,346700,0,0,0,0,0,0,0,0,0,0,0
2020-06-18,0,392600,0,191300,0,173300,0,0,46800,51700,326400,603000,492600,0,0,0,0,0,0,0,147300,0,19300,230500,0,0,0,0,0,0,0,0,0,0,36100,530000,232400,0,42700,32000,346700,0,0,0,0,0,0,0,0,0,0,0
2020-06-19,0,392600,0,191300,0,173300,0,0,46800,51700,326400,603000,492600,0,0,0,0,0,0,0,147300,0,19300,230500,0,0,0,0,0,0,0,0,0,0,36100,530000,232400,0,42700,32000,346700,0,0,0,0,0,0,0,0,0,0,0
2020-06-22,0,392600,0,191300,0,173300,0,0,34600,51700,326400,603000,492600,0,0,0,0,0,0,0,147300,0,19300,230500,0,0,0,0,0,0,0,0,0,0,36100,530000,191100,0,42700,32000,346700,0,0,0,0,0,0,0,0,0,0,0
2020-06-23,0,392600,0,191300,0,173300,0,0,34600,51700,326400,603000,492600,0,0,0,0,0,0,0,147300,0,19300,230500,0,0,0,0,0,0,0,0,0,0,36100,530000,191100,0,42700,32000,346700,0,0,0,0,0,146700,0,0,0,0,0
2020-06-24,0,392600,0,191300,0,173300,0,0,34600,51700,326400,603000,492600,0,0,0,0,0,0,0,147300,0,19300,230500,0,0,0,0,0,0,0,0,0,0,36100,530000,191100,0,42700,32000,346700,0,0,0,0,0,217500,0,0,0,0,0
2020-06-29,0,392600,0,191300,0,173300,0,0,34600,51700,326400,603000,492600,0,0,0,0,0,0,0,147300,0,19300,230500,0,0,0,0,0,0,0,0,0,0,36100,530000,191100,0,42700,32000,346700,0,0,0,0,0,217500,0,0,0,0,0
2020-06-30,0,392600,0,191300,0,173300,0,0,34600,51700,326400,603000,492600,0,0,0,0,0,0,0,147300,0,19300,230500,0,0,0,0,0,0,0,0,0,0,36100,530000,191100,0,42700,32000,346700,0,0,0,0,0,217500,0,0,0,0,0
2020-07-01,0,392600,0,191300,0,173300,0,0,34600,51700,326400,603000,492600,0,0,0,0,0,0,0,147300,0,19300,230500,0,0,0,0,0,0,0,0,0,0,36100,530000,191100,0,42700,32000,346700,0,0,0,0,0,244600,0,0,0,0,0
2020-07-02,0,392600,0,191300,0,173300,0,0,34600,51700,326400,603000,492600,0,0,0,0,0,0,0,147300,0,19300,230500,0,0,0,0,0,0,0,0,0,0,36100,530000,191100,0,42700,32000,346700,0,0,0,0,0,261500,0,0,0,0,0
2020-07-03,0,392600,0,191300,0,173300,0,0,34600,51700,326400,603000,492600,0,0,0,0,0,0,0,147300,0,19300,230500,0,0,0,0,0,0,0,0,0,0,36100,530000,191100,0,11900,32000,346700,0,0,0,0,0,261500,0,0,0,0,0
2020-07-06,0,392600,0,191300,0,173300,0,0,34600,51700,326400,603000,492600,0,0,0,0,0,0,0,147300,0,19300,230500,0,0,0,0,0,0,0,0,0,0,36100,530000,191100,0,0,32000,346700,0,0,0,0,0,261500,0,0,0,0,0
2020-07-07,0,392600,0,191300,0,173300,0,0,25300,0,326400,603000,492600,0,0,0,0,0,0,0,147300,0,19300,230500,0,0,0,0,0,0,0,0,0,0,36100,530000,191100,0,0,32000,161500,0,0,0,0,0,261500,0,0,0,0,0
2020-07-08,0,392600,0,191300,0,173300,0,0,25300,0,326400,603000,492600,0,0,0,0,0,0,0,147300,0,19300,230500,0,0,0,0,0,0,0,0,0,0,36100,530000,191100,0,0,32000,161500,0,0,0,0,0,261500,0,0,0,0,0
2020-07-09,0,392600,0,191300,0,173300,0,0,25300,0,326400,603000,492600,0,0,0,0,0,0,0,147300,0,19300,230500,0,0,0,0,0,0,0,0,0,0,36100,530000,191100,0,0,32000,161500,0,0,0,0,0,261500,0,0,0,0,0
2020-07-10,0,392600,0,191300,0,173300,0,0,25300,0,326400,603000,492600,0,0,0,0,0,0,0,147300,0,0,230500,0,0,0,0,0,0,0,0,0,0,36100,530000,191100,0,0,32000,161500,0,0,0,0,0,261500,0,0,0,0,0
2020-07-13,138200,392600,0,191300,0,173300,0,0,25300,0,326400,603000,492600,0,0,0,0,0,0,0,147300,0,0,230500,0,0,0,1292800,0,0,0,0,0,0,36100,530000,191100,0,0,32000,161500,0,0,0,0,21900,261500,0,0,0,0,0
2020-07-14,172800,539900,0,191300,0,173300,0,0,25300,0,326400,603000,492600,0,0,0,0,0,0,0,147300,0,0,230500,0,0,0,1509300,0,0,0,0,0,0,36100,530000,191100,0,0,32000,161500,0,0,0,0,21900,161900,0,0,0,0,0
2020-07-15,172800,539900,0,191300,0,173300,0,0,25300,0,326400,603000,492600,0,0,0,0,0,0,0,147300,0,0,230500,0,0,0,1509300,0,0,0,0,0,0,36100,530000,191100,0,0,32000,161500,0,0,0,0,21900,161900,0,0,0,0,0
2020-07-16,172800,539900,0,191300,0,173300,0,0,30700,0,326400,603000,492600,146500,0,0,0,246600,0,0,147300,0,0,230500,0,0,0,1509300,0,0,0,0,0,0,36100,530000,191100,0,0,32000,161500,0,0,0,0,21900,218000,0,0,0,0,0
2020-07-17,172800,539900,0,191300,0,259100,0,0,30700,0,326400,603000,492600,146500,0,0,0,246600,0,0,147300,0,0,230500,0,0,0,1509300,0,0,0,0,0,0,36100,530000,191100,0,0,32000,161500,0,0,0,0,21900,218000,0,0,0,0,0
2020-07-20,172800,539900,0,191300,0,259100,0,0,30700,0,326400,603000,492600,146500,0,0,0,246600,0,0,147300,0,0,230500,0,0,0,1509300,0,0,0,0,0,0,36100,530000,191100,0,0,32000,161500,0,0,0,0,21900,218000,0,0,0,0,0
2020-07-21,172800,539900,0,191300,0,259100,0,0,30700,0,326400,603000,492600,146500,0,0,0,246600,0,0,147300,0,0,230500,0,0,0,1509300,0,0,0,0,0,0,36100,530000,191100,0,0,32000,161500,0,0,0,0,21900,218000,0,0,0,0,0
2020-07-22,172800,539900,0,191300,0,259100,0,0,30700,0,326400,603000,492600,146500,0,0,0,246600,0,0,147300,0,0,230500,0,0,0,1509300,0,0,0,0,0,0,36100,530000,191100,0,0,32000,161500,0,0,0,0,21900,218000,0,0,0,0,0
2020-07-23,172800,539900,0,191300,0,259100,0,0,30700,0,326400,603000,492600,146500,0,0,0,246600,0,0,147300,0,0,230500,0,0,0,1509300,0,0,0,0,0,0,36100,530000,191100,0,0,32000,161500,0,0,0,0,21900,218000,0,0,0,0,0
2020-07-24,172800,539900,0,191300,0,340000,0,88400,30700,0,326400,603000,492600,146500,0,0,0,246600,0,0,147300,0,0,230500,0,0,0,1509300,0,0,275900,0,0,0,36100,530000,191100,0,0,32000,161500,0,0,0,0,21900,121500,0,0,0,0,0
2020-07-27,172800,539900,0,191300,0,340000,0,88400,30700,0,326400,603000,492600,146500,0,0,0,246600,0,0,147300,0,0,230500,0,0,0,1509300,0,0,275900,0,0,0,36100,530000,191100,0,0,32000,161500,0,0,0,0,21900,121500,0,0,0,0,0
2020-07-28,172800,539900,0,191300,0,470600,0,88400,36400,0,326400,603000,492600,146500,0,0,0,246600,0,0,147300,0,0,230500,0,0,0,1509300,0,0,275900,0,0,25300,36100,530000,191100,0,0,32000,161500,0,0,0,0,21900,121500,0,0,0,0,0
2020-07-29,172800,539900,0,191300,0,470600,0,88400,36400,0,326400,603000,492600,146500,0,0,0,246600,0,0,147300,0,0,230500,0,0,0,1509300,0,0,275900,0,0,25300,36100,530000,191100,0,0,32000,161500,0,0,0,0,21900,121500,0,0,0,0,0
2020-07-30,172800,539900,0,191300,0,470600,0,88400,36400,0,326400,603000,492600,146500,0,0,0,246600,0,0,147300,0,0,230500,0,0,0,1509300,0,0,275900,0,0,25300,36100,530000,191100,0,0,32000,161500,0,0,0,0,21900,121500,0,0,0,0,0
2020-07-31,172800,539900,0,191300,0,470600,0,88400,36400,0,326400,603000,492600,146500,0,0,0,246600,0,0,147300,0,0,230500,0,0,0,1509300,0,0,275900,0,0,25300,36100,530000,191100,0,0,32000,161500,0,0,0,0,21900,121500,0,0,0,0,0
2020-08-03,172800,539900,0,191300,0,470600,0,88400,36400,0,326400,603000,492600,146500,0,0,0,246600,0,0,147300,0,0,230500,0,0,0,1509300,0,0,275900,0,0,25300,36100,530000,191100,0,0,32000,161500,0,0,0,0,21900,121500,0,0,0,0,0
2020-08-04,172800,539900,0,191300,0,470600,0,88400,36400,0,326400,603000,492600,146500,0,0,0,246600,0,0,147300,0,0,230500,0,0,0,1509300,0,0,275900,0,0,25300,36100,530000,191100,0,0,32000,161500,0,0,0,0,21900,121500,0,0,0,0,0
2020-08-05,172800,539900,0,191300,0,470600,0,88400,36400,0,326400,603000,492600,146500,0,0,0,246600,0,0,147300,0,0,230500,0,0,0,1509300,0,0,275900,0,0,25300,36100,530000,191100,0,0,32000,161500,0,0,0,0,21900,121500,0,0,0,0,0
2020-08-06,172800,539900,0,191300,0,470600,0,88400,36400,0,326400,603000,492600,146500,0,0,0,246600,0,0,147300,0,0,230500,0,0,0,1509300,0,0,275900,0,0,25300,36100,530000,191100,0,0,32000,161500,0,0,0,0,21900,121500,0,0,0,0,0
2020-08-07,172800,539900,0,191300,0,470600,0,88400,36400,0,326400,603000,492600,146500,0,0,0,246600,0,0,147300,0,0,230500,0,0,0,1509300,0,0,275900,0,0,25300,36100,530000,191100,0,0,32000,161500,0,0,0,0,21900,121500,0,0,0,0,0
2020-08-10,172800,539900,0,191300,0,470600,0,88400,36400,0,326400,603000,492600,146500,0,0,0,246600,0,0,147300,0,0,264600,0,0,0,1509300,0,0,275900,0,0,25300,36100,530000,191100,0,0,32000,161500,0,0,0,0,21900,121500,0,0,0,0,0
2020-08-11,172800,539900,0,191300,0,470600,0,88400,32000,0,326400,603000,492600,146500,0,0,0,246600,0,0,147300,0,0,264600,0,0,0,1509300,0,0,133700,0,0,25300,36100,530000,191100,0,0,32000,184300,0,0,0,0,21900,131400,0,0,0,0,0
2020-08-12,172800,539900,0,191300,0,514500,0,114900,32000,0,326400,603000,492600,146500,0,0,0,246600,0,0,147300,0,0,264600,0,0,0,1099700,0,0,133700,0,0,48500,36100,530000,191100,0,0,37400,184300,0,0,0,0,21900,141800,0,0,0,0,0
2020-08-13,172800,539900,0,191300,0,514500,0,114900,32000,0,326400,603000,492600,146500,0,0,0,246600,0,0,147300,0,0,264600,0,0,0,1099700,0,0,133700,0,0,48500,36100,530000,191100,0,0,37400,184300,0,0,0,0,21900,141800,0,0,0,0,0
2020-08-14,172800,539900,0,191300,0,514500,0,114900,32000,0,326400,603000,492600,146500,0,0,0,246600,0,0,147300,0,0,264600,0,0,0,1099700,0,0,133700,0,0,48500,36100,530000,191100,0,0,37400,184300,0,0,0,0,21900,141800,0,0,0,0,0
2020-08-17,172800,539900,0,191300,0,514500,0,114900,32000,0,326400,603000,492600,146500,0,0,0,246600,0,0,147300,0,0,264600,0,0,0,1099700,0,0,133700,0,0,48500,36100,530000,191100,0,0,37400,184300,0,0,0,0,21900,141800,0,0,0,0,0
2020-08-18,172800,539900,0,191300,0,514500,0,114900,32000,0,326400,603000,492600,146500,0,0,0,246600,0,0,147300,0,0,264600,0,0,0,1099700,0,0,133700,0,0,48500,36100,530000,191100,0,0,37400,184300,0,0,0,0,21900,141800,0,0,0,0,0
2020-08-19,172800,539900,0,191300,0,514500,0,114900,32000,0,326400,603000,492600,146500,0,0,0,246600,0,0,147300,0,0,264600,0,0,0,1099700,0,0,133700,0,0,48500,36100,530000,191100,0,0,37400,184300,0,0,0,0,21900,141800,0,0,0,0,0
2020-08-20,172800,539900,0,191300,0,514500,0,114900,32000,0,326400,603000,492600,146500,0,0,0,246600,0,0,147300,0,0,264600,0,0,0,1099700,0,0,133700,0,0,48500,36100,530000,191100,0,0,37400,184300,0,0,0,0,21900,141800,0,0,0,0,0
2020-08-21,172800,539900,0,191300,0,514500,0,114900,32000,0,326400,603000,492600,146500,0,0,0,246600,0,0,147300,0,0,264600,0,0,0,1099700,0,0,133700,0,0,48500,36100,530000,191100,0,0,37400,184300,0,0,0,0,21900,141800,0,0,0,0,0
2020-08-24,172800,539900,0,191300,0,514500,0,114900,32000,0,326400,603000,492600,146500,0,0,0,246600,0,0,147300,0,0,264600,0,0,0,1099700,0,0,133700,0,0,48500,36100,530000,191100,0,0,37400,184300,0,0,0,0,21900,141800,0,0,0,0,0
2020-08-25,172800,539900,0,191300,0,514500,0,114900,32000,0,326400,603000,492600,146500,0,0,0,246600,0,0,147300,0,0,264600,0,0,0,1099700,0,0,133700,0,0,48500,36100,530000,191100,0,0,37400,184300,0,0,0,0,21900,141800,0,0,0,0,0
2020-08-26,172800,539900,0,191300,0,561000,0,114900,32000,0,326400,603000,492600,146500,0,0,0,246600,0,0,147300,0,0,264600,0,0,0,1099700,0,0,133700,0,0,48500,36100,530000,191100,0,0,43200,184300,0,0,0,0,21900,141800,0,0,0,0,0
2020-08-27,172800,539900,0,191300,0,561000,0,114900,32000,0,326400,603000,492600,146500,0,0,0,246600,0,0,147300,0,0,264600,0,0,0,1303600,0,0,133700,0,0,48500,36100,530000,191100,0,0,43200,184300,0,0,0,0,21900,141800,0,0,0,0,0
2020-08-28,172800,539900,0,191300,0,561000,0,114900,32000,0,326400,603000,492600,146500,0,0,204800,246600,0,0,147300,0,0,264600,0,0,0,1303600,0,0,133700,0,0,48500,36100,530000,191100,0,0,43200,184300,0,0,0,0,21900,141800,0,0,0,0,29800
2020-08-31,172800,539900,0,191300,0,561000,0,114900,32000,0,326400,603000,492600,146500,0,0,204800,246600,0,0,147300,0,0,264600,0,0,0,1303600,0,0,0,0,0,48500,36100,530000,191100,0,0,43200,184300,0,0,36100,0,21900,141800,0,0,0,0,29800
2020-09-01,172800,539900,0,191300,0,561000,0,114900,32000,0,326400,486700,492600,146500,0,0,204800,0,0,0,123800,0,0,264600,0,0,0,1303600,0,0,0,0,0,48500,36100,530000,191100,0,0,43200,184300,0,0,36100,0,16300,141800,0,0,0,0,45100
2020-09-02,172800,539900,0,191300,0,561000,0,114900,32000,0,326400,486700,492600,146500,0,0,204800,0,0,0,123800,0,0,264600,0,0,0,1303600,0,0,0,0,0,74600,36100,530000,191100,0,0,43200,184300,0,0,36100,0,16300,152000,0,0,0,0,45100
2020-09-03,172800,539900,0,191300,0,561000,0,114900,32000,0,326400,486700,492600,146500,0,166400,204800,0,0,0,123800,0,0,264600,0,0,0,1303600,0,0,0,0,0,74600,36100,530000,191100,0,0,43200,184300,0,0,48200,0,16300,152000,0,0,0,0,60600
2020-09-04,172800,539900,0,191300,0,561000,0,114900,32000,0,326400,486700,492600,146500,0,166400,204800,0,0,0,123800,0,0,264600,0,0,0,1303600,0,0,0,0,0,74600,36100,530000,191100,0,0,43200,184300,0,0,48200,0,16300,152000,0,0,0,0,45500
2020-09-07,172800,539900,0,191300,0,561000,0,139400,32000,0,326400,486700,492600,146500,0,166400,204800,0,0,0,123800,0,0,264600,0,0,0,1303600,0,0,0,0,0,101600,36100,258100,155800,0,0,43200,184300,0,0,48200,0,16300,152000,0,0,0,0,62200
2020-09-08,172800,539900,0,191300,0,561000,0,241900,32000,0,326400,486700,492600,146500,0,166400,204800,0,0,0,123800,0,92100,264600,0,0,0,1303600,0,0,0,0,0,129600,36100,258100,155800,0,0,43200,184300,0,0,61000,0,16300,152000,0,0,0,0,79500
2020-09-09,172800,539900,0,191300,0,561000,0,241900,32000,0,326400,486700,492600,146500,0,166400,204800,0,0,0,123800,0,92100,264600,0,0,0,1303600,0,0,0,0,0,129600,36100,258100,155800,0,0,43200,184300,0,0,61000,0,16300,152000,0,0,0,0,79500
2020-09-10,172800,539900,0,191300,0,561000,0,241900,32000,0,326400,486700,492600,146500,0,340300,204800,0,0,0,123800,0,92100,264600,0,0,0,1303600,0,0,0,0,0,129600,36100,258100,155800,0,0,43200,184300,0,0,61000,0,16300,133100,0,0,0,0,79500
2020-09-11,172800,539900,0,191300,0,561000,0,241900,32000,0,326400,486700,492600,146500,0,340300,204800,0,0,0,123800,0,92100,264600,0,0,0,1303600,0,148600,0,0,0,129600,36100,258100,155800,0,0,43200,184300,0,0,61000,0,16300,133100,0,0,0,0,79500
2020-09-14,172800,539900,0,191300,0,561000,0,241900,32000,0,326400,486700,492600,146500,0,340300,204800,0,0,0,123800,0,92100,264600,0,0,0,1303600,0,148600,0,0,0,129600,36100,258100,155800,0,0,43200,184300,0,0,61000,0,16300,133100,0,0,0,0,79500
2020-09-15,172800,539900,0,191300,0,561000,0,241900,63600,0,326400,486700,492600,146500,0,340300,204800,0,0,0,123800,0,92100,264600,0,0,0,358300,0,148600,0,0,0,129600,36100,258100,155800,0,0,43200,52200,0,0,122700,0,16300,133100,0,0,0,0,79500
2020-09-16,172800,539900,0,191300,0,561000,0,241900,63600,0,326400,486700,492600,146500,0,340300,204800,0,0,0,123800,0,92100,264600,0,0,0,358300,0,148600,0,0,0,129600,36100,258100,155800,0,0,43200,52200,0,0,122700,0,16300,133100,0,0,0,0,79500
2020-09-17,172800,539900,0,191300,0,561000,0,241900,63600,0,326400,486700,492600,146500,0,340300,204800,0,0,0,123800,0,92100,264600,0,0,0,358300,0,148600,0,0,0,213200,36100,258100,155800,0,0,43200,52200,0,0,122700,0,16300,143700,0,0,0,0,62100
2020-09-18,172800,539900,0,191300,0,561000,0,241900,63600,0,326400,486700,492600,146500,0,340300,204800,0,0,0,123800,0,92100,264600,0,0,0,358300,0,148600,0,0,0,213200,36100,258100,155800,0,0,43200,52200,0,0,122700,0,16300,143700,0,0,0,0,62100
2020-09-21,172800,539900,0,191300,0,561000,0,241900,63600,0,326400,486700,492600,146500,0,340300,204800,0,0,0,123800,0,92100,264600,0,0,0,358300,0,148600,0,0,0,213200,36100,258100,155800,0,0,43200,52200,0,0,122700,0,16300,143700,0,0,0,0,62100
2020-09-22,172800,539900,0,191300,0,561000,0,241900,63600,0,326400,486700,492600,146500,0,340300,204800,0,0,0,123800,0,92100,264600,0,0,0,552300,82100,148600,0,0,0,240300,36100,258100,164000,0,0,43200,52200,0,0,122700,0,0,143700,0,0,0,0,62100
2020-09-23,172800,539900,0,191300,0,561000,0,241900,63600,0,326400,486700,492600,146500,0,340300,204800,0,0,0,123800,0,92100,264600,0,0,0,552300,82100,148600,0,0,0,240300,36100,297100,164000,0,0,48600,52200,0,0,122700,0,0,143700,0,0,0,0,62100
2020-09-24,172800,539900,0,191300,0,561000,0,241900,63600,0,326400,486700,492600,146500,0,340300,204800,0,0,0,123800,0,92100,264600,0,0,0,552300,82100,148600,0,0,0,240300,36100,297100,164000,0,0,48600,52200,0,0,122700,0,0,143700,0,0,0,0,62100
2020-09-25,172800,539900,0,191300,0,561000,0,241900,63600,0,326400,486700,492600,146500,0,340300,204800,0,0,0,123800,0,92100,264600,0,0,0,552300,82100,148600,0,0,0,240300,36100,297100,164000,0,0,54300,52200,0,0,122700,0,0,155000,0,0,0,0,62100
2020-09-28,172800,539900,0,191300,0,561000,0,241900,63600,0,326400,486700,492600,146500,0,340300,204800,0,0,0,123800,0,92100,264600,0,0,0,552300,82100,148600,0,0,0,240300,36100,297100,164000,0,0,54300,52200,0,0,122700,0,0,155000,0,0,0,0,62100
2020-09-29,172800,539900,0,191300,0,561000,0,241900,63600,0,326400,486700,492600,146500,0,340300,204800,0,0,0,123800,0,92100,264600,0,0,0,552300,82100,148600,0,0,0,240300,36100,297100,164000,0,0,54300,52200,0,0,122700,0,0,155000,0,0,0,0,62100
2020-09-30,172800,539900,0,191300,0,561000,0,241900,63600,0,326400,486700,492600,146500,0,340300,204800,0,0,0,123800,0,92100,264600,0,0,0,552300,82100,148600,0,0,0,240300,36100,297100,164000,0,0,54300,52200,0,0,122700,0,0,155000,0,0,0,0,62100
2020-10-09,172800,539900,0,191300,0,561000,0,241900,63600,0,326400,486700,492600,146500,0,340300,204800,0,0,0,123800,0,92100,264600,0,0,0,552300,82100,148600,0,0,0,240300,36100,297100,164000,0,0,54300,52200,0,0,122700,0,0,155000,0,0,0,0,62100
2020-10-12,172800,539900,0,191300,0,561000,0,241900,63600,0,326400,486700,492600,146500,0,340300,204800,0,0,0,123800,0,92100,264600,0,0,0,552300,82100,148600,0,0,0,240300,36100,297100,164000,0,0,54300,52200,0,0,122700,0,0,155000,0,0,0,0,62100
2020-10-13,172800,539900,0,191300,0,561000,0,241900,63600,0,326400,486700,492600,146500,0,340300,204800,0,0,0,123800,0,92100,264600,0,0,0,552300,82100,148600,0,0,0,240300,36100,297100,164000,0,0,54300,52200,0,0,122700,0,0,155000,0,0,0,0,62100
2020-10-14,172800,539900,0,191300,0,561000,0,241900,63600,0,326400,486700,492600,146500,0,340300,204800,0,0,0,123800,0,92100,264600,0,0,0,552300,82100,148600,0,0,0,240300,36100,297100,164000,0,0,54300,52200,0,0,122700,0,0,155000,0,0,0,0,62100
2020-10-15,172800,539900,0,191300,0,561000,0,241900,63600,0,326400,486700,492600,146500,0,340300,204800,0,0,0,123800,0,92100,264600,0,0,0,552300,82100,148600,0,0,0,240300,36100,297100,164000,0,0,54300,52200,0,0,122700,0,0,155000,0,0,0,0,62100
2020-10-16,172800,539900,0,191300,0,561000,0,241900,63600,0,326400,486700,492600,146500,0,340300,204800,0,0,0,123800,0,92100,264600,0,0,0,552300,82100,148600,0,0,0,240300,36100,297100,164000,0,0,54300,52200,0,0,122700,0,0,155000,0,10300,0,0,62100
2020-10-19,172800,539900,0,191300,0,561000,0,241900,63600,0,326400,486700,492600,146500,0,340300,204800,0,0,0,123800,0,92100,264600,0,0,0,552300,82100,148600,0,0,0,240300,36100,297100,164000,0,0,54300,52200,0,0,122700,0,0,155000,0,10300,0,0,62100
2020-10-20,172800,539900,0,191300,0,561000,0,241900,63600,0,249600,486700,492600,146500,0,340300,204800,0,0,0,123800,0,92100,264600,0,0,0,552300,82100,148600,0,0,0,240300,36100,297100,164000,0,0,54300,52200,0,0,122700,0,0,155000,38900,10300,0,0,62100
2020-10-21,172800,539900,0,191300,0,561000,0,241900,63600,0,249600,486700,492600,146500,0,340300,204800,0,0,0,123800,0,92100,264600,0,0,0,552300,82100,148600,0,0,0,240300,36100,297100,164000,0,0,54300,52200,0,0,122700,0,0,155000,38900,10300,0,0,62100
2020-10-22,172800,539900,0,191300,0,561000,0,241900,63600,0,249600,486700,492600,146500,0,340300,204800,0,0,0,123800,0,92100,264600,0,0,0,552300,82100,148600,0,0,0,240300,36100,297100,164000,0,0,54300,52200,0,0,122700,0,0,155000,38900,10300,0,0,62100
2020-10-23,172800,539900,0,191300,0,561000,0,265300,63600,0,249600,486700,492600,146500,0,340300,204800,0,0,0,123800,0,92100,264600,0,0,0,552300,82100,148600,0,0,0,240300,36100,297100,164000,0,0,54300,52200,0,0,122700,0,0,155000,38900,13900,0,0,62100
2020-10-26,172800,539900,0,191300,0,561000,0,265300,63600,0,226000,486700,492600,146500,0,340300,204800,0,0,0,123800,0,92100,264600,0,0,0,552300,82100,148600,0,0,0,240300,36100,297100,164000,0,0,54300,52200,0,0,122700,0,0,165900,38900,21700,0,0,62100
2020-10-27,172800,539900,0,191300,0,561000,0,265300,63600,0,111600,486700,492600,146500,0,340300,204800,0,0,0,123800,0,92100,264600,0,0,0,552300,82100,148600,0,0,0,240300,36100,341100,164000,0,0,54300,52200,0,0,122700,0,0,165900,38900,21700,0,0,62100
2020-10-28,172800,539900,0,141000,0,561000,0,265300,63600,0,111600,486700,492600,146500,0,340300,204800,0,0,0,123800,0,92100,264600,0,0,0,552300,82100,148600,0,0,0,240300,36100,341100,164000,0,0,54300,52200,0,0,122700,0,0,165900,38900,21700,0,0,62100
2020-10-29,172800,539900,0,141000,0,561000,0,265300,63600,0,111600,486700,492600,146500,37900,533100,204800,0,0,0,123800,0,92100,264600,0,0,0,552300,82100,148600,0,0,0,240300,36100,341100,164000,0,0,54300,52200,0,0,122700,0,0,113400,59700,21700,0,0,62100
2020-10-30,172800,539900,0,141000,0,561000,0,265300,63600,0,111600,486700,492600,146500,37900,533100,204800,0,0,0,123800,0,92100,264600,0,0,0,552300,82100,148600,0,0,0,240300,36100,341100,164000,0,0,54300,52200,0,0,122700,0,0,102100,59700,21700,0,0,62100
2020-11-02,172800,539900,0,141000,0,561000,0,265300,63600,0,111600,486700,492600,146500,37900,533100,204800,0,0,0,123800,0,92100,264600,0,0,0,552300,82100,148600,0,0,0,240300,36100,341100,164000,0,0,54300,52200,0,0,122700,0,0,89000,59700,21700,0,0,62100
2020-11-03,172800,539900,0,141000,0,561000,0,265300,63600,0,111600,486700,492600,146500,37900,533100,204800,0,0,0,123800,0,92100,264600,0,0,0,552300,82100,148600,0,0,0,240300,36100,341100,164000,0,0,54300,52200,0,0,122700,0,0,89000,59700,21700,0,0,62100
2020-11-04,172800,539900,0,141000,0,561000,0,265300,63600,0,111600,486700,492600,146500,37900,533100,204800,0,0,0,123800,0,92100,264600,0,0,0,552300,82100,148600,0,0,0,240300,36100,341100,164000,0,0,54300,52200,0,0,122700,0,0,89000,59700,21700,0,0,62100
2020-11-05,172800,539900,392900,0,0,561000,0,265300,63600,0,7200,486700,492600,146500,37900,533100,204800,0,0,0,123800,0,92100,264600,58600,0,0,552300,82100,148600,0,0,0,266100,36100,341100,164000,61600,0,54300,52200,0,0,122700,12000,0,89000,59700,21700,0,0,62100
2020-11-06,172800,539900,392900,0,0,561000,0,265300,63600,0,7200,182200,492600,146500,37900,533100,204800,0,0,0,52100,0,92100,264600,58600,0,0,552300,82100,148600,0,0,0,266100,36100,341100,164000,89800,0,54300,52200,0,0,122700,12000,0,89000,59700,21700,43700,0,62100
2020-11-09,172800,539900,392900,0,0,561000,0,265300,63600,0,7200,182200,492600,146500,37900,533100,204800,0,0,0,52100,0,92100,264600,58600,0,0,552300,82100,148600,0,0,0,266100,36100,341100,164000,89800,0,54300,52200,0,0,122700,12000,0,89000,59700,21700,43700,0,62100
2020-11-10,172800,539900,392900,0,0,561000,0,265300,63600,0,0,182200,492600,0,37900,533100,204800,0,0,0,52100,0,92100,264600,58600,0,0,552300,82100,0,0,0,0,266100,36100,341100,155300,89800,0,54300,52200,0,0,122700,12000,0,89000,59700,21700,43700,0,0
2020-11-11,172800,683900,392900,0,0,561000,0,265300,63600,0,0,182200,492600,0,37900,533100,204800,0,0,0,52100,0,92100,264600,58600,0,0,552300,82100,0,0,0,0,289500,36100,341100,155300,89800,0,54300,52200,0,0,122700,12000,0,89000,59700,7000,43700,0,0
2020-11-12,172800,683900,392900,0,0,561000,0,288200,63600,0,0,182200,0,0,37900,533100,204800,0,0,0,52100,0,92100,264600,58600,0,0,552300,82100,0,0,0,0,289500,36100,341100,155300,89800,0,54300,52200,0,0,122700,12000,0,89000,59700,7000,43700,0,0
2020-11-13,172800,683900,392900,0,0,561000,0,336100,63600,0,0,182200,0,0,37900,533100,204800,0,0,0,52100,0,92100,264600,58600,0,0,552300,82100,0,0,0,0,289500,36100,341100,155300,89800,0,54300,52200,0,0,122700,12000,0,89000,59700,10100,43700,0,0
2020-11-16,172800,825000,579900,0,30800,561000,0,361700,63600,0,0,182200,0,0,37900,533100,204800,0,0,0,52100,0,92100,264600,58600,0,0,552300,82100,0,0,0,0,289500,36100,341100,155300,89800,0,54300,52200,0,0,122700,12000,0,89000,59700,10100,43700,0,0
2020-11-17,172800,970200,770900,0,30800,561000,0,414400,63600,0,0,182200,159400,0,37900,533100,204800,0,0,0,52100,0,92100,264600,58600,0,0,552300,82100,0,0,0,0,289500,36100,341100,155300,89800,0,54300,52200,0,0,122700,18800,0,89000,59700,0,43700,0,0
2020-11-18,172800,970200,770900,0,30800,561000,0,414400,63600,0,0,182200,159400,0,37900,533100,204800,0,0,0,52100,0,92100,264600,58600,0,0,552300,82100,0,0,0,0,289500,36100,341100,155300,89800,0,54300,52200,0,0,122700,18800,0,89000,59700,0,43700,0,0
2020-11-19,0,970200,770900,0,30800,561000,0,414400,63600,0,0,182200,159400,0,37900,533100,204800,0,0,35000,52100,0,92100,264600,58600,0,0,552300,82100,0,0,125000,0,289500,36100,341100,155300,135800,0,54300,52200,0,0,122700,25400,0,89000,59700,6200,43700,0,0
2020-11-20,0,970200,770900,0,30800,561000,0,390100,63600,0,0,182200,159400,0,37900,533100,204800,0,0,35000,52100,0,92100,264600,58600,0,0,552300,82100,0,0,125000,0,289500,36100,341100,155300,135800,0,54300,52200,0,0,122700,25400,0,89000,59700,6200,43700,0,0
2020-11-23,0,970200,770900,0,30800,561000,0,390100,63600,0,0,182200,159400,0,37900,533100,204800,0,0,35000,52100,0,92100,264600,58600,0,0,552300,82100,0,0,125000,0,289500,36100,341100,155300,135800,0,54300,52200,0,0,122700,25400,0,89000,59700,6200,43700,0,0
2020-11-24,0,970200,770900,0,30800,561000,0,416700,63600,0,0,182200,159400,0,37900,533100,204800,0,0,35000,52100,0,92100,264600,58600,0,0,552300,82100,0,0,125000,0,289500,36100,341100,155300,135800,0,54300,52200,0,0,122700,25400,0,89000,59700,6200,43700,0,0
2020-11-25,0,970200,954900,0,30800,561000,0,443400,63600,0,0,182200,159400,0,58900,533100,204800,0,0,35000,52100,0,92100,264600,58600,0,0,552300,82100,0,0,125000,0,289500,36100,269900,155300,182300,0,49500,52200,0,0,122700,25400,0,89000,59700,0,0,0,0
2020-11-26,0,970200,954900,0,30800,561000,0,443400,63600,0,0,182200,159400,0,58900,533100,204800,0,0,35000,52100,0,92100,264600,58600,0,0,552300,82100,0,0,125000,0,289500,36100,269900,155300,182300,0,49500,52200,0,0,122700,25400,0,89000,59700,0,0,0,0
2020-11-27,0,970200,954900,0,30800,561000,0,443400,63600,0,0,182200,159400,0,58900,533100,204800,0,0,35000,52100,0,92100,264600,58600,0,0,552300,82100,0,0,125000,0,289500,36100,269900,155300,182300,0,49500,52200,0,0,122700,25400,0,89000,59700,0,0,0,0
2020-11-30,0,970200,954900,0,30800,561000,0,390500,63600,0,0,182200,159400,0,22000,533100,204800,0,0,35000,52100,0,92100,264600,58600,0,0,552300,0,0,0,125000,0,289500,36100,269900,155300,182300,0,49500,52200,0,0,122700,25400,0,89000,59700,0,0,0,0
2020-12-01,0,970200,954900,0,30800,561000,0,390500,63600,0,0,182200,159400,0,22000,533100,204800,0,0,35000,52100,0,92100,264600,58600,0,0,552300,0,0,0,125000,0,289500,36100,234900,155300,182300,0,49500,52200,0,0,122700,25400,0,89000,59700,0,0,0,0
2020-12-02,0,970200,954900,0,30800,561000,0,417400,63600,0,44400,182200,159400,0,22000,533100,204800,0,0,35000,52100,0,92100,264600,58600,0,0,552300,0,0,0,125000,0,289500,36100,234900,146200,182300,0,49500,52200,0,0,122700,25400,0,89000,12800,0,0,0,0
2020-12-03,0,970200,954900,0,30800,561000,0,417400,63600,0,44400,0,159400,0,22000,533100,204800,0,0,35000,52100,0,92100,264600,58600,0,0,552300,0,0,0,0,0,247300,36100,201000,146200,182300,0,49500,52200,0,0,122700,32000,0,89000,12800,0,0,0,0
2020-12-04,0,970200,954900,0,30800,561000,0,417400,63600,0,44400,0,159400,0,22000,533100,204800,0,0,35000,52100,0,92100,264600,58600,0,0,552300,0,0,0,0,0,247300,36100,201000,146200,182300,0,49500,52200,0,31600,122700,32000,0,89000,12800,0,0,0,0
2020-12-07,0,970200,954900,0,30800,561000,0,417400,63600,0,44400,0,159400,0,22000,533100,204800,0,0,35000,52100,0,92100,264600,58600,0,0,552300,0,0,0,0,0,247300,36100,201000,146200,182300,0,49500,52200,0,31600,122700,32000,0,89000,12800,0,0,0,0
2020-12-08,0,1110600,954900,0,30800,561000,0,417400,63600,0,44400,0,159400,0,22000,533100,204800,0,0,35000,52100,0,92100,264600,58600,0,0,552300,0,0,0,0,0,247300,36100,201000,146200,182300,0,49500,52200,0,31600,122700,32000,0,89000,12800,0,0,0,0
2020-12-09,0,1110600,954900,0,30800,561000,0,391800,63600,0,44400,0,159400,0,22000,533100,204800,0,0,35000,52100,0,92100,264600,58600,0,0,552300,0,0,0,0,0,247300,36100,201000,146200,182300,0,49500,52200,0,31600,122700,32000,0,89000,12800,0,0,0,0
2020-12-10,0,1110600,954900,0,30800,561000,0,391800,63600,0,44400,0,159400,0,22000,533100,204800,0,0,35000,52100,0,92100,264600,58600,0,0,552300,0,0,0,0,0,247300,36100,201000,146200,182300,0,45000,52200,0,31600,122700,32000,0,89000,12800,0,0,0,0
2020-12-11,0,1110600,954900,0,0,561000,0,391800,63600,0,44400,0,159400,0,22000,533100,204800,0,0,35000,52100,0,92100,264600,58600,0,0,552300,0,0,0,0,0,247300,36100,201000,136900,182300,0,36500,52200,0,31600,111700,32000,0,89000,0,0,0,0,0
2020-12-14,0,1110600,954900,0,0,561000,0,419100,63600,0,44400,0,159400,0,22000,533100,204800,0,0,35000,52100,0,92100,264600,58600,0,0,552300,0,0,0,0,0,247300,36100,201000,136900,182300,0,36500,52200,0,31600,111700,32000,0,89000,0,0,0,0,0
2020-12-15,0,1110600,954900,0,0,561000,0,474000,63600,0,44400,0,159400,0,22000,533100,204800,0,0,35000,52100,0,92100,264600,58600,0,0,552300,0,0,0,0,0,247300,36100,201000,136900,182300,0,36500,52200,0,0,111700,32000,0,89000,0,0,0,0,0
2020-12-16,0,1110600,954900,0,0,561000,0,474000,63600,0,44400,0,159400,0,22000,533100,204800,0,0,35000,52100,0,92100,264600,58600,0,0,552300,0,0,0,0,0,247300,36100,201000,136900,182300,0,36500,52200,0,0,111700,32000,0,89000,0,0,0,0,0
2020-12-17,0,1110600,954900,0,0,561000,0,474000,63600,0,44400,355000,159400,0,22000,533100,204800,0,0,35000,52100,0,92100,264600,58600,0,0,552300,0,0,0,0,0,273300,36100,201000,136900,233800,0,36500,52200,0,0,111700,32000,0,104500,0,0,0,5600,0
2020-12-18,0,1110600,954900,0,0,561000,0,446900,63600,0,44400,355000,159400,0,22000,533100,204800,0,0,35000,52100,0,92100,264600,58600,0,0,552300,0,0,0,0,0,273300,36100,201000,136900,233800,0,36500,52200,0,0,111700,32000,0,104500,0,0,0,5600,0
2020-12-21,0,1110600,954900,0,0,561000,0,446900,63600,0,44400,355000,159400,0,22000,533100,204800,0,0,35000,52100,0,92100,264600,58600,0,0,552300,0,0,0,0,0,273300,36100,201000,136900,233800,0,36500,52200,0,0,111700,32000,0,104500,0,0,0,5600,0
2020-12-22,0,1110600,954900,0,0,561000,0,446900,63600,0,44400,355000,159400,0,22000,533100,204800,0,0,35000,52100,0,92100,264600,58600,0,0,552300,0,0,0,0,0,273300,36100,201000,136900,233800,0,36500,52200,0,0,111700,32000,0,104500,0,0,0,5600,0
2020-12-23,0,1110600,954900,0,0,561000,0,446900,63600,0,44400,355000,159400,0,22000,533100,204800,0,0,35000,52100,0,92100,264600,58600,0,0,552300,0,0,0,131800,0,273300,36100,201000,136900,233800,0,36500,52200,0,0,111700,32000,0,104500,0,0,0,14600,0
2020-12-24,0,1110600,954900,0,0,561000,0,446900,63600,0,44400,355000,159400,0,22000,533100,204800,0,0,35000,52100,0,92100,264600,58600,0,0,552300,0,0,0,0,0,273300,36100,201000,136900,233800,0,36500,52200,0,0,111700,32000,0,104500,0,0,0,30300,0
2020-12-25,0,1110600,954900,0,0,561000,0,446900,63600,0,44400,355000,159400,0,22000,533100,204800,0,0,35000,52100,0,92100,264600,58600,0,0,552300,0,0,0,0,0,273300,36100,201000,136900,233800,0,36500,52200,26500,28500,111700,32000,0,104500,0,0,0,30300,0
2020-12-28,0,1110600,954900,0,0,561000,0,446900,63600,0,44400,355000,159400,0,22000,533100,204800,0,0,35000,6600,0,92100,264600,58600,0,0,552300,0,0,0,0,0,273300,36100,201000,136900,233800,0,32100,52200,26500,28500,111700,32000,0,104500,0,0,0,30300,0
2020-12-29,0,1110600,954900,0,0,561000,0,421100,63600,0,44400,355000,159400,0,22000,533100,204800,0,0,35000,6600,0,92100,264600,58600,0,0,552300,0,0,0,0,0,273300,36100,201000,136900,233800,0,32100,52200,26500,28500,111700,32000,0,104500,0,0,0,24200,0
2020-12-30,0,1110600,954900,0,0,561000,0,421100,63600,0,44400,355000,159400,0,22000,533100,204800,0,0,35000,6600,0,92100,264600,58600,0,0,552300,0,0,0,0,0,273300,36100,201000,136900,233800,0,32100,52200,26500,28500,111700,32000,0,104500,0,0,0,24200,0
2020-12-31,0,1110600,954900,0,0,561000,0,421100,63600,0,44400,355000,159400,0,22000,533100,204800,0,0,35000,6600,0,92100,264600,58600,0,0,552300,0,0,0,0,0,273300,36100,201000,136900,233800,0,32100,52200,26500,28500,111700,32000,0,104500,0,0,0,24200,0
2021-01-04,0,1110600,954900,0,0,561000,0,421100,53100,0,44400,355000,159400,0,22000,533100,133000,0,0,35000,6600,0,92100,264600,58600,0,0,552300,0,0,0,0,0,226200,36100,201000,136900,233800,0,32100,52200,26500,28500,111700,32000,0,104500,0,12600,0,24200,0
2021-01-05,0,1110600,954900,0,0,561000,0,421100,53100,0,44400,355000,159400,0,22000,533100,67100,0,0,35000,6600,0,92100,264600,58600,0,0,552300,0,0,0,0,0,226200,36100,201000,136900,233800,0,32100,52200,26500,28500,111700,32000,0,104500,0,12600,0,24200,0
2021-01-06,0,1110600,954900,0,0,561000,0,421100,53100,0,44400,355000,327400,0,22000,533100,0,0,0,35000,6600,0,92100,235700,58600,0,18500,552300,0,0,0,0,0,226200,36100,201000,136900,233800,0,28300,52200,26500,28500,100100,32000,0,104500,47600,12600,0,21400,0
2021-01-07,0,1110600,1279300,0,0,561000,0,421100,53100,0,44400,355000,327400,0,22000,533100,0,0,0,35000,6600,0,92100,235700,58600,0,18500,552300,0,0,0,0,0,226200,36100,201000,136900,233800,0,28300,52200,26500,28500,100100,32000,0,104500,47600,12600,0,21400,0
2021-01-08,0,1110600,1279300,0,0,561000,0,421100,53100,0,44400,355000,327400,0,22000,533100,0,0,0,35000,6600,0,92100,235700,58600,0,18500,552300,0,0,0,0,0,226200,36100,201000,136900,233800,0,28300,52200,26500,28500,100100,32000,0,104500,47600,12600,0,21400,0
2021-01-11,0,1110600,1279300,0,0,561000,0,421100,43000,0,44400,355000,327400,0,22000,533100,0,0,0,35000,6600,0,92100,235700,58600,0,18500,552300,0,0,0,0,0,226200,36100,142600,136900,233800,0,21300,52200,26500,28500,100100,32000,0,104500,47600,12600,0,21400,0
2021-01-12,0,1110600,1279300,0,0,561000,84900,421100,43000,0,44400,355000,327400,0,22000,533100,0,0,0,35000,6600,0,92100,235700,58600,0,18500,552300,0,0,0,0,0,226200,36100,142600,136900,233800,0,21300,52200,26500,28500,100100,32000,0,104500,47600,12600,0,21400,0
2021-01-13,0,895600,1279300,0,0,405600,84900,353300,34100,0,44400,141900,327400,0,22000,533100,0,0,0,35000,6600,0,92100,235700,58600,0,18500,552300,0,0,0,0,0,226200,36100,142600,120000,233800,0,21300,105300,26500,28500,100100,32000,0,104500,47600,12600,0,21400,0
2021-01-14,0,895600,1279300,0,0,405600,84900,353300,34100,0,44400,141900,327400,0,22000,533100,0,0,0,35000,6600,0,92100,235700,58600,0,18500,552300,0,0,0,0,0,226200,36100,142600,120000,233800,0,21300,105300,26500,28500,100100,32000,0,104500,47600,12600,0,21400,0
2021-01-15,0,895600,1426400,0,0,473600,84900,353300,34100,0,44400,141900,327400,0,22000,533100,0,0,0,35000,6600,101300,92100,235700,58600,0,18500,552300,0,0,0,0,0,226200,36100,142600,120000,233800,0,21300,0,32400,59000,100100,32000,0,104500,47600,12600,0,21400,0
